Engine,P@10,R@10,nDCG@10,RR
Elasticsearch,0.6571428571428571,0.6,0.8236379912786477,1.0
Whoosh,0.4857142857142857,0.39999999999999997,0.6474358943614205,0.8571428571428571
